Protocollo;Gruppo;DataOraIncidente;Localizzazione1;STRADA1;Localizzazione2;STRADA2;Strada02;Chilometrica;DaSpecificare;NaturaIncidente;particolaritastrade;TipoStrada;FondoStradale;Pavimentazione;Segnaletica;CondizioneAtmosferica;Traffico;Visibilita;Illuminazione;NUM_FERITI;NUM_RISERVATA;NUM_MORTI;NUM_ILLESI;Longitudine;Latitudine;Confermato;Progressivo;TipoVeicolo;StatoVeicolo;TipoPersona;Sesso;Tipolesione;Deceduto;DecedutoDopo;CinturaCascoUtilizzato;Airbag
1902487;4;12/01/2012 16:50;Statale;VIA SALARIA;in prossimità;;della chilometrica ;12,7;;Tamponamento;Rettilineo;Due carreggiate;Asciutto;Asfaltata;Orizzontale;Sereno;Normale;Buona;Ore Diurne;0;0;0;6;;;-1;1;Autovettura privata;In marcia / fermata / arresto;Passeggero;F;Illeso;0;;Non accertato;Inesploso
1902487;4;12/01/2012 16:50;Statale;VIA SALARIA;in prossimità;;della chilometrica ;12,7;;Tamponamento;Rettilineo;Due carreggiate;Asciutto;Asfaltata;Orizzontale;Sereno;Normale;Buona;Ore Diurne;0;0;0;6;;;-1;2;Autovettura privata;In marcia / fermata / arresto;Conducente;F;Illeso;0;;Non accertato;Inesistente
1902487;4;12/01/2012 16:50;Statale;VIA SALARIA;in prossimità;;della chilometrica ;12,7;;Tamponamento;Rettilineo;Due carreggiate;Asciutto;Asfaltata;Orizzontale;Sereno;Normale;Buona;Ore Diurne;0;0;0;6;;;-1;2;Autovettura privata;In marcia / fermata / arresto;Passeggero;M;Illeso;0;;Non accertato;Inesistente
1902487;4;12/01/2012 16:50;Statale;VIA SALARIA;in prossimità;;della chilometrica ;12,7;;Tamponamento;Rettilineo;Due carreggiate;Asciutto;Asfaltata;Orizzontale;Sereno;Normale;Buona;Ore Diurne;0;0;0;6;;;-1;3;Autovettura privata;In marcia / fermata / arresto;Conducente;M;Illeso;0;;Non accertato;Inesistente
1902488;17;24/01/2012 10:50;Strada Urbana;VIA RODI;all'intersezione con;VIA DELLA GIULIANA;VIA DELLA GIULIANA;;;Veicolo in marcia contro veicolo in sosta;Intersezione non regolata/non segnalata;Una carreggiata a senso unico di marcia;Asciutto;Asfaltata;Verticale ed orizzontale;Nuvoloso;Scarso;Buona;Ore Diurne;0;0;0;1;;;-1;1;Autovettura privata;In marcia / fermata / arresto;Conducente;F;Illeso;0;;Non accertato;Inesistente
1902495;4;13/01/2012 13:30;Statale entro l'abitato;VIA SALARIA;in prossimità;;del civico n. ;655;;Scontro laterale fra veicoli in marcia;Rettilineo;Due carreggiate;Asciutto;Asfaltata;Verticale ed orizzontale;Sereno;Normale;Buona;Ore Diurne;0;0;0;2;;;-1;1;Autovettura privata;In marcia / fermata / arresto;Conducente;M;Illeso;0;;Non accertato;Inesploso
1902495;4;13/01/2012 13:30;Statale entro l'abitato;VIA SALARIA;in prossimità;;del civico n. ;655;;Scontro laterale fra veicoli in marcia;Rettilineo;Due carreggiate;Asciutto;Asfaltata;Verticale ed orizzontale;Sereno;Normale;Buona;Ore Diurne;0;0;0;2;;;-1;2;Autovettura privata;In marcia / fermata / arresto;Conducente;M;Illeso;0;;Non accertato;Inesistente
1902504;4;13/01/2012 14:15;Strada Urbana;VIA DI CASAL BOCCONE;da specificare;;;;pressi Via Giacosa;Veicolo in marcia contro ostacolo accidentale;Curva a visuale libera;Una carreggiata a doppio senso;Asciutto;Asfaltata;Assente;Sereno;Normale;Buona;Ore Diurne;0;0;0;2;;;-1;1;Autovettura privata;In marcia / fermata / arresto;Conducente;M;Illeso;0;;Non accertato;Inesistente
1902504;4;13/01/2012 14:15;Strada Urbana;VIA DI CASAL BOCCONE;da specificare;;;;pressi Via Giacosa;Veicolo in marcia contro ostacolo accidentale;Curva a visuale libera;Una carreggiata a doppio senso;Asciutto;Asfaltata;Assente;Sereno;Normale;Buona;Ore Diurne;0;0;0;2;;;-1;1;Autovettura privata;In marcia / fermata / arresto;Passeggero;F;Illeso;0;;Non accertato;Inesistente
1902505;4;13/01/2012 18:30;Strada Urbana;VIALE PANTELLERIA;all'intersezione semaforizzata con;PIAZZA CAPRI;PIAZZA CAPRI;;;Scontro frontale fra veicoli in marcia;Incrocio;Una carreggiata a senso unico di marcia;Asciutto;Asfaltata;Verticale ed orizzontale;Sereno;Normale;Sufficiente;Sufficiente;0;0;0;3;;;-1;1;Autovettura privata;In marcia / fermata / arresto;Conducente;M;Illeso;0;;Non accertato;Inesploso
1902505;4;13/01/2012 18:30;Strada Urbana;VIALE PANTELLERIA;all'intersezione semaforizzata con;PIAZZA CAPRI;PIAZZA CAPRI;;;Scontro frontale fra veicoli in marcia;Incrocio;Una carreggiata a senso unico di marcia;Asciutto;Asfaltata;Verticale ed orizzontale;Sereno;Normale;Sufficiente;Sufficiente;0;0;0;3;;;-1;1;Autovettura privata;In marcia / fermata / arresto;Passeggero;M;Illeso;0;;Non accertato;Inesploso
1902505;4;13/01/2012 18:30;Strada Urbana;VIALE PANTELLERIA;all'intersezione semaforizzata con;PIAZZA CAPRI;PIAZZA CAPRI;;;Scontro frontale fra veicoli in marcia;Incrocio;Una carreggiata a senso unico di marcia;Asciutto;Asfaltata;Verticale ed orizzontale;Sereno;Normale;Sufficiente;Sufficiente;0;0;0;3;;;-1;2;Autobus di linea;In marcia / fermata / arresto;Conducente;M;Illeso;0;;Esente;Inesistente
1902536;17;24/01/2012 17:15;Strada Urbana;PIAZZA DEL RISORGIMENTO;da specificare;;;;prossimità Via di Porta Angelica;Tamponamento;Rettilineo;Una carreggiata a senso unico di marcia;Asciutto;Asfaltata;Verticale ed orizzontale;Sereno;Normale;Buona;Ore Diurne;0;0;0;2;;;-1;1;Autovettura privata;In marcia / fermata / arresto;Conducente;M;Illeso;0;;Non accertato;Inesploso
1902536;17;24/01/2012 17:15;Strada Urbana;PIAZZA DEL RISORGIMENTO;da specificare;;;;prossimità Via di Porta Angelica;Tamponamento;Rettilineo;Una carreggiata a senso unico di marcia;Asciutto;Asfaltata;Verticale ed orizzontale;Sereno;Normale;Buona;Ore Diurne;0;0;0;2;;;-1;2;Quadriciclo leggero;In marcia / fermata / arresto;Conducente;F;Illeso;0;;Non accertato;Inesistente
1902541;17;24/01/2012 15:00;Strada Urbana;LUNGOTEVERE DELLE ARMI;in prossimità;;del civico n. ;44;;Veicoli in marcia contro veicoli fermi;Rettilineo;Una carreggiata a senso unico di marcia;Asciutto;Asfaltata;Verticale ed orizzontale;Sereno;Normale;Buona;Ore Diurne;0;0;0;1;;;-1;1;Autovettura privata;In marcia / fermata / arresto;Conducente;F;Illeso;0;;Non accertato;Inesploso
1902543;4;13/01/2012 09:45;Strada Urbana;VIA DEI PRATI FISCALI;in prossimità;;del civico n. ;258;;Tamponamento;Rettilineo;Più di due carreggiate;Asciutto;Asfaltata;Orizzontale;Nuvoloso;Normale;Buona;Ore Diurne;1;0;0;1;;;-1;1;Motociclo a solo;In marcia / fermata / arresto;Conducente;M;Rimandato;0;NON DECEDUTO;Non accertato;Inesistente
1902543;4;13/01/2012 09:45;Strada Urbana;VIA DEI PRATI FISCALI;in prossimità;;del civico n. ;258;;Tamponamento;Rettilineo;Più di due carreggiate;Asciutto;Asfaltata;Orizzontale;Nuvoloso;Normale;Buona;Ore Diurne;1;0;0;1;;;-1;2;Autovettura privata;In marcia / fermata / arresto;Conducente;F;Illeso;0;;Non accertato;Inesploso
1902544;17;24/01/2012 12:45;Strada Urbana;VIA MUZIO CLEMENTI;all'intersezione con;VIA MARIANNA DIONIGI;VIA MARIANNA DIONIGI;;;Scontro laterale fra veicoli in marcia;Incrocio;Una carreggiata a senso unico di marcia;Asciutto;Asfaltata;Verticale ed orizzontale;Nuvoloso;Normale;Buona;Ore Diurne;0;0;0;2;;;-1;1;Autovettura privata;In marcia / fermata / arresto;Conducente;M;Illeso;0;;Non accertato;Inesploso
1902544;17;24/01/2012 12:45;Strada Urbana;VIA MUZIO CLEMENTI;all'intersezione con;VIA MARIANNA DIONIGI;VIA MARIANNA DIONIGI;;;Scontro laterale fra veicoli in marcia;Incrocio;Una carreggiata a senso unico di marcia;Asciutto;Asfaltata;Verticale ed orizzontale;Nuvoloso;Normale;Buona;Ore Diurne;0;0;0;2;;;-1;2;Autovettura privata;In marcia / fermata / arresto;Conducente;F;Illeso;0;;Non accertato;Inesploso
1902546;17;24/01/2012 16:00;Strada Urbana;PIAZZA CAVOUR;da specificare;;;;fronte civico n° 1;Scontro laterale fra veicoli in marcia;Rettilineo;Una carreggiata a senso unico di marcia;Asciutto;Asfaltata;Verticale ed orizzontale;Sereno;Normale;Buona;Ore Diurne;0;0;0;3;;;-1;1;Autovettura privata;In marcia / fermata / arresto;Conducente;F;Illeso;0;;Non accertato;Inesistente
1902546;17;24/01/2012 16:00;Strada Urbana;PIAZZA CAVOUR;da specificare;;;;fronte civico n° 1;Scontro laterale fra veicoli in marcia;Rettilineo;Una carreggiata a senso unico di marcia;Asciutto;Asfaltata;Verticale ed orizzontale;Sereno;Normale;Buona;Ore Diurne;0;0;0;3;;;-1;1;Autovettura privata;In marcia / fermata / arresto;Passeggero;F;Illeso;0;;Non accertato;Inesistente
1902546;17;24/01/2012 16:00;Strada Urbana;PIAZZA CAVOUR;da specificare;;;;fronte civico n° 1;Scontro laterale fra veicoli in marcia;Rettilineo;Una carreggiata a senso unico di marcia;Asciutto;Asfaltata;Verticale ed orizzontale;Sereno;Normale;Buona;Ore Diurne;0;0;0;3;;;-1;2;Autovettura privata;In marcia / fermata / arresto;Conducente;F;Illeso;0;;Non accertato;Inesploso
1902562;5;05/01/2012 18:00;Strada Urbana;VIA DEI MONTI TIBURTINI;in corrispondenza;;del civico n. ;151;;Investimento di pedone;Rettilineo;Due carreggiate;Asciutto;Asfaltata;Verticale ed orizzontale;Nuvoloso;Normale;Sufficiente;Sufficiente;0;1;1;0;;;-1;;;;Pedone;M;Deceduto sul posto;-1;;;
1902562;5;05/01/2012 18:00;Strada Urbana;VIA DEI MONTI TIBURTINI;in corrispondenza;;del civico n. ;151;;Investimento di pedone;Rettilineo;Due carreggiate;Asciutto;Asfaltata;Verticale ed orizzontale;Nuvoloso;Normale;Sufficiente;Sufficiente;0;1;1;0;;;-1;1;Motociclo a solo;In marcia / fermata / arresto;Conducente;M;Prognosi riservata;0;NON DECEDUTO;Non accertato;Inesistente
1902566;4;13/01/2012 14:15;Strada Urbana;VIA FRANCO SACCHETTI;in corrispondenza;;del civico n. ;28;;Investimento di pedone;Rettilineo;Una carreggiata a doppio senso;Asciutto;Asfaltata;Verticale ed orizzontale;Sereno;Normale;Buona;Ore Diurne;2;0;0;0;;;-1;;;;Pedone;M;Rimandato;0;NON DECEDUTO;;
1902566;4;13/01/2012 14:15;Strada Urbana;VIA FRANCO SACCHETTI;in corrispondenza;;del civico n. ;28;;Investimento di pedone;Rettilineo;Una carreggiata a doppio senso;Asciutto;Asfaltata;Verticale ed orizzontale;Sereno;Normale;Buona;Ore Diurne;2;0;0;0;;;-1;1;Motociclo a solo;In marcia / fermata / arresto;Conducente;F;Rimandato;0;NON DECEDUTO;Non accertato;Inesistente
1902568;4;13/01/2012 14:00;Strada Urbana;VIA CINIGIANO;da specificare;;;;ALTEZZA CIV. 1;Investimento di pedone;Rettilineo;Due carreggiate;Asciutto;Asfaltata;Verticale ed orizzontale;Sereno;Normale;Buona;Ore Diurne;1;0;0;1;;;-1;;;;Pedone;F;Ricoverato;0;NON DECEDUTO;;
1902568;4;13/01/2012 14:00;Strada Urbana;VIA CINIGIANO;da specificare;;;;ALTEZZA CIV. 1;Investimento di pedone;Rettilineo;Due carreggiate;Asciutto;Asfaltata;Verticale ed orizzontale;Sereno;Normale;Buona;Ore Diurne;1;0;0;1;;;-1;1;Autovettura privata;In marcia / fermata / arresto;Conducente;F;Illeso;0;;Non accertato;Inesploso
1902571;4;13/01/2012 15:20;Strada Urbana;VIALE TIRRENO;all'intersezione con;VIA DEL CASALE GIULIANI;VIA DEL CASALE GIULIANI;;;Scontro laterale fra veicoli in marcia;Incrocio;Una carreggiata a senso unico di marcia;Asciutto;Asfaltata;Verticale ed orizzontale;Sereno;Normale;Buona;Ore Diurne;1;0;0;2;;;-1;1;Autovettura privata;In marcia / fermata / arresto;Conducente;F;Illeso;0;;Non accertato;Inesploso
1902571;4;13/01/2012 15:20;Strada Urbana;VIALE TIRRENO;all'intersezione con;VIA DEL CASALE GIULIANI;VIA DEL CASALE GIULIANI;;;Scontro laterale fra veicoli in marcia;Incrocio;Una carreggiata a senso unico di marcia;Asciutto;Asfaltata;Verticale ed orizzontale;Sereno;Normale;Buona;Ore Diurne;1;0;0;2;;;-1;2;Motociclo con passeggero;In marcia / fermata / arresto;Conducente;F;Rifiuta cure immediate;0;NON DECEDUTO;Non accertato;Inesistente
1902571;4;13/01/2012 15:20;Strada Urbana;VIALE TIRRENO;all'intersezione con;VIA DEL CASALE GIULIANI;VIA DEL CASALE GIULIANI;;;Scontro laterale fra veicoli in marcia;Incrocio;Una carreggiata a senso unico di marcia;Asciutto;Asfaltata;Verticale ed orizzontale;Sereno;Normale;Buona;Ore Diurne;1;0;0;2;;;-1;2;Motociclo con passeggero;In marcia / fermata / arresto;Passeggero;F;Illeso;0;;Non accertato;Inesistente
1902572;4;13/01/2012 15:00;Strada Urbana;VIA DI SETTEBAGNI;all'intersezione con;VIA WANDA CAPODAGLIO;VIA WANDA CAPODAGLIO;;;Tamponamento;Intersezione stradale segnalata;Una carreggiata a doppio senso;Asciutto;Asfaltata;Verticale ed orizzontale;Sereno;Scarso;Buona;Ore Diurne;1;0;0;1;;;-1;1;Autovettura privata;In marcia / fermata / arresto;Conducente;M;Illeso;0;;Non accertato;Inesistente
1902572;4;13/01/2012 15:00;Strada Urbana;VIA DI SETTEBAGNI;all'intersezione con;VIA WANDA CAPODAGLIO;VIA WANDA CAPODAGLIO;;;Tamponamento;Intersezione stradale segnalata;Una carreggiata a doppio senso;Asciutto;Asfaltata;Verticale ed orizzontale;Sereno;Scarso;Buona;Ore Diurne;1;0;0;1;;;-1;2;Motociclo a solo;In marcia / fermata / arresto;Conducente;M;Rimandato;0;NON DECEDUTO;Non accertato;Inesistente
1902575;4;13/01/2012 08:10;Strada Urbana;VIALE TITINA DE FILIPPO;da specificare;;;;prossimità Largo Labia;Fuoriuscita dalla sede stradale;Curva a visuale libera;Due carreggiate;Asciutto;Asfaltata;Verticale ed orizzontale;Sereno;Normale;Buona;Ore Diurne;1;0;0;0;;;-1;1;Ciclomotore;In marcia / fermata / arresto;Conducente;F;Rimandato;0;NON DECEDUTO;Non accertato;Inesistente
1902576;4;14/01/2012 08:30;Strada Urbana;VIA MARIO SOLDATI;all'intersezione con;VIA GIUSEPPE AMATO;VIA GIUSEPPE AMATO;;;Scontro frontale/laterale DX fra veicoli in marcia;Incrocio;Una carreggiata a doppio senso;Asciutto;Asfaltata;Verticale ed orizzontale;Sereno;Scarso;Buona;Ore Diurne;1;0;0;1;;;-1;1;Autovettura privata;In marcia / fermata / arresto;Conducente;F;Rimandato;0;NON DECEDUTO;Non accertato;Inesistente
1902576;4;14/01/2012 08:30;Strada Urbana;VIA MARIO SOLDATI;all'intersezione con;VIA GIUSEPPE AMATO;VIA GIUSEPPE AMATO;;;Scontro frontale/laterale DX fra veicoli in marcia;Incrocio;Una carreggiata a doppio senso;Asciutto;Asfaltata;Verticale ed orizzontale;Sereno;Scarso;Buona;Ore Diurne;1;0;0;1;;;-1;2;Autovettura privata;In marcia / fermata / arresto;Conducente;M;Illeso;0;;Non accertato;Inesistente
1902578;4;14/01/2012 01:00;Strada Urbana;VIA DELLA BUFALOTTA;da specificare;;;;rotatoria con Via Ida Baccini;Veicolo in marcia contro ostacolo fisso;Curva a visuale libera;Una carreggiata a doppio senso;Asciutto;Asfaltata;Verticale ed orizzontale;Sereno;Scarso;Buona;Sufficiente;0;0;0;1;;;-1;1;Autovettura privata;In marcia / fermata / arresto;Conducente;M;Illeso;0;;Non accertato;Inesploso
1902579;4;14/01/2012 10:15;Strada Urbana;VIADOTTO GIUSEPPE SARAGAT;da specificare;;;;dir. Via Bufalotta fronte palo Acea 210;Veicolo in marcia contro ostacolo fisso;Rettilineo;Due carreggiate;Asciutto;Asfaltata;Orizzontale;Sereno;Normale;Buona;Ore Diurne;1;0;0;0;;;-1;1;Autovettura privata;In marcia / fermata / arresto;Conducente;M;Rimandato;0;NON DECEDUTO;Non accertato;Esploso
1902641;17;11/01/2012 06:45;Strada Urbana;PIAZZALE DEGLI EROI;all'intersezione semaforizzata con;CIRCONVALLAZIONE TRIONFALE;CIRCONVALLAZIONE TRIONFALE;;;Veicolo in marcia contro ostacolo fisso;Intersezione semaforizzata;Una carreggiata a doppio senso;Asciutto;Asfaltata;Verticale;Sereno;Scarso;Buona;Ore Diurne;0;0;0;1;;;-1;1;Autocarro inferiore 35 q.;In marcia / fermata / arresto;Conducente;M;Illeso;0;;Non accertato;Inesploso
1902672;17;25/01/2012 09:40;Strada Urbana;VIALE DELLE MEDAGLIE D'ORO;in corrispondenza;;del civico n. ;39;;Scontro frontale/laterale DX fra veicoli in marcia;Rettilineo;Una carreggiata a doppio senso;Asciutto;Asfaltata;Verticale ed orizzontale;Sereno;Normale;Buona;Ore Diurne;0;0;0;2;;;-1;1;Autovettura privata;In marcia / fermata / arresto;Conducente;F;Illeso;0;;Non accertato;Inesploso
1902672;17;25/01/2012 09:40;Strada Urbana;VIALE DELLE MEDAGLIE D'ORO;in corrispondenza;;del civico n. ;39;;Scontro frontale/laterale DX fra veicoli in marcia;Rettilineo;Una carreggiata a doppio senso;Asciutto;Asfaltata;Verticale ed orizzontale;Sereno;Normale;Buona;Ore Diurne;0;0;0;2;;;-1;2;Motociclo a solo;In marcia / fermata / arresto;Conducente;F;Illeso;0;;Non accertato;Inesistente
1902748;4;14/01/2012 12:50;Strada Urbana;VIA DEI PRATI FISCALI;da specificare;;;;50 mt. prima del civ. 403;Veicolo in marcia contro ostacolo accidentale;Curva a visuale libera;Due carreggiate;Asciutto;Asfaltata;Verticale ed orizzontale;Sereno;Normale;Buona;Ore Diurne;0;0;0;1;;;-1;1;Motociclo a solo;In marcia / fermata / arresto;Conducente;M;Illeso;0;;Non accertato;Inesistente
1902763;4;15/01/2012 21:25;Strada Urbana;VIA VALLE VERMIGLIO;all'intersezione con;VIALE VAL PADANA;VIALE VAL PADANA;;;Scontro frontale/laterale DX fra veicoli in marcia;Incrocio;Una carreggiata a senso unico di marcia;Asciutto;Asfaltata;Verticale ed orizzontale;Sereno;Scarso;Sufficiente;Sufficiente;0;0;0;2;;;-1;1;Autovettura privata;In marcia / fermata / arresto;Conducente;F;Illeso;0;;Non accertato;Inesistente
1902763;4;15/01/2012 21:25;Strada Urbana;VIA VALLE VERMIGLIO;all'intersezione con;VIALE VAL PADANA;VIALE VAL PADANA;;;Scontro frontale/laterale DX fra veicoli in marcia;Incrocio;Una carreggiata a senso unico di marcia;Asciutto;Asfaltata;Verticale ed orizzontale;Sereno;Scarso;Sufficiente;Sufficiente;0;0;0;2;;;-1;2;Autovettura privata;In marcia / fermata / arresto;Conducente;F;Illeso;0;;Non accertato;Inesistente
1902777;4;15/01/2012 19:15;Strada Urbana;VIA DELLE VIGNE NUOVE;all'intersezione con;VIADOTTO ANTONIO SEGNI;VIADOTTO ANTONIO SEGNI;;;Fuoriuscita dalla sede stradale;Incrocio;Due carreggiate;Asciutto;Asfaltata;Verticale ed orizzontale;Sereno;Normale;Buona;Sufficiente;0;0;0;1;;;-1;1;Motociclo a solo;In marcia / fermata / arresto;Conducente;M;Illeso;0;;Non accertato;Inesistente
1902801;4;16/01/2012 14:20;Strada Urbana;VIA DARIO NICCODEMI;in corrispondenza;;del civico n. ;105;;Scontro laterale fra veicoli in marcia;Rettilineo;Una carreggiata a doppio senso;Asciutto;Asfaltata;Verticale ed orizzontale;Sereno;Normale;Buona;Ore Diurne;0;0;0;2;;;-1;1;Autovettura privata;In marcia / fermata / arresto;Conducente;F;Illeso;0;;Non accertato;Inesistente
1902801;4;16/01/2012 14:20;Strada Urbana;VIA DARIO NICCODEMI;in corrispondenza;;del civico n. ;105;;Scontro laterale fra veicoli in marcia;Rettilineo;Una carreggiata a doppio senso;Asciutto;Asfaltata;Verticale ed orizzontale;Sereno;Normale;Buona;Ore Diurne;0;0;0;2;;;-1;2;Autovettura privata;In marcia / fermata / arresto;Conducente;M;Illeso;0;;Non accertato;Inesistente
1902814;4;16/01/2012 13:00;Strada Urbana;VIALE TIRRENO;all'intersezione semaforizzata con;VIA NOMENTANA NUOVA;VIA NOMENTANA NUOVA;;;Scontro frontale/laterale DX fra veicoli in marcia;Intersezione semaforizzata;Una carreggiata a doppio senso;Asciutto;Asfaltata;Orizzontale;Sereno;Normale;Buona;Ore Diurne;1;0;0;1;;;-1;1;Motociclo a solo;In marcia / fermata / arresto;Conducente;M;Rimandato;0;NON DECEDUTO;Non accertato;Inesistente
1902814;4;16/01/2012 13:00;Strada Urbana;VIALE TIRRENO;all'intersezione semaforizzata con;VIA NOMENTANA NUOVA;VIA NOMENTANA NUOVA;;;Scontro frontale/laterale DX fra veicoli in marcia;Intersezione semaforizzata;Una carreggiata a doppio senso;Asciutto;Asfaltata;Orizzontale;Sereno;Normale;Buona;Ore Diurne;1;0;0;1;;;-1;2;Autovettura pubblica;In marcia / fermata / arresto;Conducente;M;Illeso;0;;Non accertato;Inesistente
1902816;4;16/01/2012 12:30;Strada Urbana;VIALE JONIO;in corrispondenza;;del civico n. ;225;;Scontro frontale/laterale SX fra veicoli in marcia;Rettilineo;Due carreggiate;Asciutto;Asfaltata;Verticale ed orizzontale;Sereno;Normale;Buona;Ore Diurne;1;0;0;1;;;-1;1;Autovettura privata;In marcia / fermata / arresto;Conducente;M;Illeso;0;;Non accertato;Inesistente
1902816;4;16/01/2012 12:30;Strada Urbana;VIALE JONIO;in corrispondenza;;del civico n. ;225;;Scontro frontale/laterale SX fra veicoli in marcia;Rettilineo;Due carreggiate;Asciutto;Asfaltata;Verticale ed orizzontale;Sereno;Normale;Buona;Ore Diurne;1;0;0;1;;;-1;2;Motociclo a solo;In marcia / fermata / arresto;Conducente;M;Rimandato;0;NON DECEDUTO;Non accertato;Inesistente
1902817;4;16/01/2012 12:15;Strada Urbana;VIA LUIGI CAPUANA;da specificare;;;;frnte civico 199 pressi Fermata Atac;Scontro laterale fra veicoli in marcia;Rettilineo;Una carreggiata a senso unico di marcia;Asciutto;Asfaltata;Verticale ed orizzontale;Sereno;Normale;Buona;Ore Diurne;0;0;0;2;;;-1;1;Autovettura privata;In marcia / fermata / arresto;Conducente;F;Illeso;0;;Non accertato;Inesistente
1902817;4;16/01/2012 12:15;Strada Urbana;VIA LUIGI CAPUANA;da specificare;;;;frnte civico 199 pressi Fermata Atac;Scontro laterale fra veicoli in marcia;Rettilineo;Una carreggiata a senso unico di marcia;Asciutto;Asfaltata;Verticale ed orizzontale;Sereno;Normale;Buona;Ore Diurne;0;0;0;2;;;-1;2;Autovettura privata;In marcia / fermata / arresto;Conducente;F;Illeso;0;;Non accertato;Inesistente
1902823;4;16/01/2012 13:30;Strada Urbana;PIAZZA MONTE BALDO;in prossimità;;del civico n. ;12;;Scontro frontale/laterale SX fra veicoli in marcia;Curva senza visuale libera;Una carreggiata a senso unico di marcia;Asciutto;Asfaltata;Verticale ed orizzontale;Sereno;Intenso;Buona;Ore Diurne;1;0;0;3;;;-1;1;Ciclomotore;In marcia / fermata / arresto;Conducente;M;Rimandato;0;NON DECEDUTO;Utilizzato;Inesistente
1902823;4;16/01/2012 13:30;Strada Urbana;PIAZZA MONTE BALDO;in prossimità;;del civico n. ;12;;Scontro frontale/laterale SX fra veicoli in marcia;Curva senza visuale libera;Una carreggiata a senso unico di marcia;Asciutto;Asfaltata;Verticale ed orizzontale;Sereno;Intenso;Buona;Ore Diurne;1;0;0;3;;;-1;1;Ciclomotore;In marcia / fermata / arresto;Passeggero;M;Illeso;0;;Non accertato;Inesistente
1902823;4;16/01/2012 13:30;Strada Urbana;PIAZZA MONTE BALDO;in prossimità;;del civico n. ;12;;Scontro frontale/laterale SX fra veicoli in marcia;Curva senza visuale libera;Una carreggiata a senso unico di marcia;Asciutto;Asfaltata;Verticale ed orizzontale;Sereno;Intenso;Buona;Ore Diurne;1;0;0;3;;;-1;2;Autovettura privata;In marcia / fermata / arresto;Conducente;M;Illeso;0;;Non accertato;Inesploso
1902823;4;16/01/2012 13:30;Strada Urbana;PIAZZA MONTE BALDO;in prossimità;;del civico n. ;12;;Scontro frontale/laterale SX fra veicoli in marcia;Curva senza visuale libera;Una carreggiata a senso unico di marcia;Asciutto;Asfaltata;Verticale ed orizzontale;Sereno;Intenso;Buona;Ore Diurne;1;0;0;3;;;-1;2;Autovettura privata;In marcia / fermata / arresto;Passeggero;F;Illeso;0;;Non accertato;Inesistente
1902826;4;16/01/2012 08:45;Strada Urbana;PONTE TAZIO;da specificare;;;;in prossimità di Viale tirreno;Infortunio per caduta del veicolo;Rettilineo;Una carreggiata a doppio senso;Asciutto;Asfaltata;Verticale ed orizzontale;Sereno;Normale;Buona;Ore Diurne;1;0;0;1;;;-1;1;Motociclo a solo;In marcia / fermata / arresto;Conducente;M;Illeso;0;;Non accertato;Inesistente
1902826;4;16/01/2012 08:45;Strada Urbana;PONTE TAZIO;da specificare;;;;in prossimità di Viale tirreno;Infortunio per caduta del veicolo;Rettilineo;Una carreggiata a doppio senso;Asciutto;Asfaltata;Verticale ed orizzontale;Sereno;Normale;Buona;Ore Diurne;1;0;0;1;;;-1;2;Motociclo a solo;In marcia / fermata / arresto;Conducente;F;Rimandato;0;NON DECEDUTO;Non accertato;Inesistente
1902829;4;17/01/2012 10:30;Strada Urbana;VIALE CESCO BASEGGIO;da specificare;;;;altezza capolinea trambus;Scontro laterale fra veicoli in marcia;Rettilineo;Due carreggiate;Asciutto;Asfaltata;Verticale;Sereno;Scarso;Buona;Ore Diurne;0;0;0;3;;;-1;1;Autobus di linea;In marcia / fermata / arresto;Conducente;M;Illeso;0;;Esente;Inesploso
1902829;4;17/01/2012 10:30;Strada Urbana;VIALE CESCO BASEGGIO;da specificare;;;;altezza capolinea trambus;Scontro laterale fra veicoli in marcia;Rettilineo;Due carreggiate;Asciutto;Asfaltata;Verticale;Sereno;Scarso;Buona;Ore Diurne;0;0;0;3;;;-1;1;Autobus di linea;In marcia / fermata / arresto;Passeggero;M;Illeso;0;;Non accertato;Inesistente
1902829;4;17/01/2012 10:30;Strada Urbana;VIALE CESCO BASEGGIO;da specificare;;;;altezza capolinea trambus;Scontro laterale fra veicoli in marcia;Rettilineo;Due carreggiate;Asciutto;Asfaltata;Verticale;Sereno;Scarso;Buona;Ore Diurne;0;0;0;3;;;-1;2;Autovettura privata;In marcia / fermata / arresto;Conducente;M;Illeso;0;;Non accertato;Inesploso
1902830;4;16/01/2012 10:20;Strada Urbana;VIA GARGANO;in prossimità;;del civico n. ;29;;Investimento di pedone;Rettilineo;Una carreggiata a doppio senso;Asciutto;Asfaltata;Verticale ed orizzontale;Sereno;Normale;Buona;Ore Diurne;1;0;0;1;;;-1;;;;Pedone;F;Ricoverato;0;NON DECEDUTO;;
1902830;4;16/01/2012 10:20;Strada Urbana;VIA GARGANO;in prossimità;;del civico n. ;29;;Investimento di pedone;Rettilineo;Una carreggiata a doppio senso;Asciutto;Asfaltata;Verticale ed orizzontale;Sereno;Normale;Buona;Ore Diurne;1;0;0;1;;;-1;1;Autovettura privata;In marcia / fermata / arresto;Conducente;M;Illeso;0;;Non accertato;Inesistente